INSERT INTO public.genres (id, name) VALUES (1, 'Action');
INSERT INTO public.genres (id, name) VALUES (2, 'Adult');
INSERT INTO public.genres (id, name) VALUES (3, 'Adventure');
INSERT INTO public.genres (id, name) VALUES (4, 'Animation');
INSERT INTO public.genres (id, name) VALUES (5, 'Biography');
INSERT INTO public.genres (id, name) VALUES (6, 'Comedy');
INSERT INTO public.genres (id, name) VALUES (7, 'Crime');
INSERT INTO public.genres (id, name) VALUES (8, 'Documentary');
INSERT INTO public.genres (id, name) VALUES (9, 'Drama');
INSERT INTO public.genres (id, name) VALUES (10, 'Family');
INSERT INTO public.genres (id, name) VALUES (11, 'Fantasy');
INSERT INTO public.genres (id, name) VALUES (12, 'History');
INSERT INTO public.genres (id, name) VALUES (13, 'Horror');
INSERT INTO public.genres (id, name) VALUES (14, 'Music');
INSERT INTO public.genres (id, name) VALUES (15, 'Musical');
INSERT INTO public.genres (id, name) VALUES (16, 'Mystery');
INSERT INTO public.genres (id, name) VALUES (17, 'Reality-TV');
INSERT INTO public.genres (id, name) VALUES (18, 'Romance');
INSERT INTO public.genres (id, name) VALUES (19, 'Sci-Fi');
INSERT INTO public.genres (id, name) VALUES (20, 'Sport');
INSERT INTO public.genres (id, name) VALUES (21, 'Thriller');
INSERT INTO public.genres (id, name) VALUES (22, 'War');
INSERT INTO public.genres (id, name) VALUES (23, 'Western');

INSERT INTO public.movies (id, title, year, director, bannerUrl) VALUES ('tt0335345', 'The Passion of the Christ', 2004, 'Mel Gibson', 'https://m.media-amazon.com/images/M/MV5BNDY1N2IyYWMtZTY4OS00OGM1LTkxNmUtOTQzYmM5MmI2YmVmXkEyXkFqcGdeQXVyNTAyODkwOQ@@._V1_SX101_CR0,0,101,150_.jpg');
INSERT INTO public.movies (id, title, year, director, bannerUrl) VALUES ('tt0496319', 'The Hottest State', 2006, 'Ethan Hawke', 'https://m.media-amazon.com/images/M/MV5BMjEzNDEzNTUyMl5BMl5BanBnXkFtZTcwNTExNTk0MQ@@._V1_SY150_CR0,0,101,150_.jpg');
INSERT INTO public.movies (id, title, year, director, bannerUrl) VALUES ('tt0453489', 'Have Mercy', 2006, 'Kathy Bates', NULL);
INSERT INTO public.movies (id, title, year, director, bannerUrl) VALUES ('tt0133957', 'Mata Hari', 2016, 'David Carradine', NULL);
INSERT INTO public.movies (id, title, year, director, bannerUrl) VALUES ('tt0248124', 'Just Like Mona', 2003, 'Joe Pantoliano', NULL);

INSERT INTO public.stars (id, name, birthYear, headshot) VALUES ('nm0000154', 'Mel Gibson', 1956, 'https://m.media-amazon.com/images/M/MV5BNTUzOTMwNTM0OV5BMl5BanBnXkFtZTcwNDQwMTUxMw@@._V1_UY98_CR2,0,67,98_AL_.jpg');
INSERT INTO public.stars (id, name, birthYear, headshot) VALUES ('nm0280179', 'Benedict Fitzgerald', 1949, NULL);
INSERT INTO public.stars (id, name, birthYear, headshot) VALUES ('nm0202704', 'Bruce Davey', NULL, NULL);
INSERT INTO public.stars (id, name, birthYear, headshot) VALUES ('nm0082186', 'Joe Bilella', NULL, NULL);
INSERT INTO public.stars (id, name, birthYear, headshot) VALUES ('nm0109590', 'Gert Brinkers', NULL, NULL);
INSERT INTO public.stars (id, name, birthYear, headshot) VALUES ('nm0171473', 'Paul Colichman', NULL, NULL);
INSERT INTO public.stars (id, name, birthYear, headshot) VALUES ('nm0382171', 'Nikolai van der Heyde', NULL, NULL);
INSERT INTO public.stars (id, name, birthYear, headshot) VALUES ('nm0568544', 'Stephen McEveety', 1954, NULL);
INSERT INTO public.stars (id, name, birthYear, headshot) VALUES ('nm0635742', 'Chris Norr', NULL, NULL);
INSERT INTO public.stars (id, name, birthYear, headshot) VALUES ('nm0655245', 'Adriana Pacheco', 1969, NULL);
INSERT INTO public.stars (id, name, birthYear, headshot) VALUES ('nm0820429', 'Beau St. Clair', NULL, NULL);
INSERT INTO public.stars (id, name, birthYear, headshot) VALUES ('nm1034899', 'Raf Santana', NULL, NULL);
INSERT INTO public.stars (id, name, birthYear, headshot) VALUES ('nm2183344', 'Yukie Kito', NULL, NULL);
INSERT INTO public.stars (id, name, birthYear, headshot) VALUES ('nm2378905', 'Annie Carradine', 1960, NULL);
INSERT INTO public.stars (id, name, birthYear, headshot) VALUES ('nm3053403', 'Claudio Bucci', NULL, NULL);
INSERT INTO public.stars (id, name, birthYear, headshot) VALUES ('nm0000160', 'Ethan Hawke', 1970, 'https://m.media-amazon.com/images/M/MV5BMTk4NDMxMTI0MF5BMl5BanBnXkFtZTYwMjE3ODE0._V1_UY98_CR1,0,67,98_AL_.jpg');
INSERT INTO public.stars (id, name, birthYear, headshot) VALUES ('nm0000412', 'Andy Garcia', 1956, 'https://m.media-amazon.com/images/M/MV5BMjM3NDA5NTgxNl5BMl5BanBnXkFtZTgwMzU3NDc4NDE@._V1_UY98_CR6,0,67,98_AL_.jpg');
INSERT INTO public.stars (id, name, birthYear, headshot) VALUES ('nm0000429', 'Melanie Griffith', 1957, 'https://m.media-amazon.com/images/M/MV5BMTUwODc4NTgxOV5BMl5BanBnXkFtZTcwNzgyNjY0MQ@@._V1_UX67_CR0,0,67,98_AL_.jpg');
INSERT INTO public.stars (id, name, birthYear, headshot) VALUES ('nm0000870', 'Kathy Bates', 1948, 'https://m.media-amazon.com/images/M/MV5BODBkYzAwMTktNzkyMS00ZTEwLThiNjMtY2JmN2VhYTEyYmYyXkEyXkFqcGdeQXVyMDkwMzU3MQ@@._V1_UY98_CR3,0,67,98_AL_.jpg');
INSERT INTO public.stars (id, name, birthYear, headshot) VALUES ('nm0000899', 'Monica Bellucci', 1964, 'https://m.media-amazon.com/images/M/MV5BMTI2MzM5Njk1OF5BMl5BanBnXkFtZTYwMjA5OTgz._V1_UY98_CR1,0,67,98_AL_.jpg');
INSERT INTO public.stars (id, name, birthYear, headshot) VALUES ('nm0001016', 'David Carradine', 1936, 'https://m.media-amazon.com/images/M/MV5BMTQ2MDM1NjcwOV5BMl5BanBnXkFtZTYwNzUwMDIz._V1_UX67_CR0,0,67,98_AL_.jpg');
INSERT INTO public.stars (id, name, birthYear, headshot) VALUES ('nm0001029', 'Jim Caviezel', 1968, 'https://m.media-amazon.com/images/M/MV5BMTc2Nzk0MTY4MV5BMl5BanBnXkFtZTcwMjA3NTY5Mg@@._V1_UY98_CR1,0,67,98_AL_.jpg');
INSERT INTO public.stars (id, name, birthYear, headshot) VALUES ('nm0001315', 'Marcia Gay Harden', 1959, 'https://m.media-amazon.com/images/M/MV5BMTkxNDc3Njk3NF5BMl5BanBnXkFtZTgwODIxMjUxNzM@._V1_UY98_CR15,0,67,98_AL_.jpg');
INSERT INTO public.stars (id, name, birthYear, headshot) VALUES ('nm0001473', 'Laura Linney', 1964, 'https://m.media-amazon.com/images/M/MV5BMTMyMDc3Mzc2M15BMl5BanBnXkFtZTcwMjc5OTcyMg@@._V1_UY98_CR2,0,67,98_AL_.jpg');
INSERT INTO public.stars (id, name, birthYear, headshot) VALUES ('nm0001590', 'Chazz Palminteri', 1952, 'https://m.media-amazon.com/images/M/MV5BMjExNjU4NTUzOV5BMl5BanBnXkFtZTgwMTY3MDMzMTE@._V1_UY98_CR5,0,67,98_AL_.jpg');
INSERT INTO public.stars (id, name, birthYear, headshot) VALUES ('nm0001592', 'Joe Pantoliano', 1951, 'https://m.media-amazon.com/images/M/MV5BMTA5NjgwODU4NDZeQTJeQWpwZ15BbWU3MDE0NzUwNDQ@._V1_UX67_CR0,0,67,98_AL_.jpg');
INSERT INTO public.stars (id, name, birthYear, headshot) VALUES ('nm0002201', 'John Debney', 1956, 'https://m.media-amazon.com/images/M/MV5BNjMwM2ZhMjYtYWQ1My00NGMwLWExZWQtOGQyZGM5NWI2ODQxXkEyXkFqcGdeQXVyMzM1OTE0NQ@@._V1_UX67_CR0,0,67,98_AL_.jpg');
INSERT INTO public.stars (id, name, birthYear, headshot) VALUES ('nm0005179', 'Camryn Manheim', 1961, 'https://m.media-amazon.com/images/M/MV5BMTQxMTE1NTgyNl5BMl5BanBnXkFtZTcwNjI5MjU5Mw@@._V1_UY98_CR6,0,67,98_AL_.jpg');
INSERT INTO public.stars (id, name, birthYear, headshot) VALUES ('nm0005403', 'Jason Schwartzman', 1980, 'https://m.media-amazon.com/images/M/MV5BMjAyNjY0NTgzNF5BMl5BanBnXkFtZTcwOTQ0ODk2Mw@@._V1_UY98_CR5,0,67,98_AL_.jpg');
INSERT INTO public.stars (id, name, birthYear, headshot) VALUES ('nm0006898', 'Paul Hunt', 1943, 'https://m.media-amazon.com/images/M/MV5BMTYzMTU2Mzc1MV5BMl5BanBnXkFtZTYwMjYyNDcy._V1_UX67_CR0,0,67,98_AL_.jpg');
INSERT INTO public.stars (id, name, birthYear, headshot) VALUES ('nm0018936', 'Alexis Alexanian', 1962, 'https://m.media-amazon.com/images/M/MV5BNThmNWM5MjMtM2RhYS00MGFjLThiYjMtNDA4YmEyOTcxODAwXkEyXkFqcGdeQXVyMjQwMDg0Ng@@._V1_UX67_CR0,0,67,98_AL_.jpg');
INSERT INTO public.stars (id, name, birthYear, headshot) VALUES ('nm0139932', 'Calista Carradine', 1962, 'https://m.media-amazon.com/images/M/MV5BMzI0NGQ3ZTktMDZiZi00NTM1LTgwOTUtOTQ0Y2EwNDM3Mzg4XkEyXkFqcGdeQXVyMTAwMzUyMzUy._V1_UY98_CR3,0,67,98_AL_.jpg');
INSERT INTO public.stars (id, name, birthYear, headshot) VALUES ('nm0221042', 'Caleb Deschanel', 1944, 'https://m.media-amazon.com/images/M/MV5BMjA2ODc1MDc0NV5BMl5BanBnXkFtZTcwODY1ODI1Nw@@._V1_UX67_CR0,0,67,98_AL_.jpg');
INSERT INTO public.stars (id, name, birthYear, headshot) VALUES ('nm0411581', 'Maia Morgenstern', 1962, 'https://m.media-amazon.com/images/M/MV5BMjMwMjg1MjY0Nl5BMl5BanBnXkFtZTcwNzE5Mjk1OQ@@._V1_UY98_CR40,0,67,98_AL_.jpg');
INSERT INTO public.stars (id, name, birthYear, headshot) VALUES ('nm0589871', 'Travis Milloy', 1969, 'https://m.media-amazon.com/images/M/MV5BNDdiZDA0MGMtMjExNS00MmY2LTk4YzMtYzQ0MDI1OGIxMDYxXkEyXkFqcGdeQXVyMjQwMDg0Ng@@._V1_UY98_CR40,0,67,98_AL_.jpg');
INSERT INTO public.stars (id, name, birthYear, headshot) VALUES ('nm0680595', 'Lloyd Phillips', 1949, 'https://m.media-amazon.com/images/M/MV5BMTExNjc2NDI3MjJeQTJeQWpwZ15BbWU2MDk1OTU1NA@@._V1_UY98_CR0,0,67,98_AL_.jpg');
INSERT INTO public.stars (id, name, birthYear, headshot) VALUES ('nm0871108', 'Valarie Trapp', NULL, 'https://m.media-amazon.com/images/M/MV5BZmJhM2I3ZGQtNGZkOS00YmQ3LThlNDAtMDkxZGFlNzgzODYzXkEyXkFqcGdeQXVyNDAzMzA0Ng@@._V1_UY98_CR15,0,67,98_AL_.jpg');
INSERT INTO public.stars (id, name, birthYear, headshot) VALUES ('nm0916406', 'Mark Webber', 1980, 'https://m.media-amazon.com/images/M/MV5BMmU4ODYxN2EtMGJlOS00ZTg3LWIxZTItMzUxM2M4Yzk2OTc2XkEyXkFqcGdeQXVyMjQwMDg0Ng@@._V1_UX67_CR0,0,67,98_AL_.jpg');
INSERT INTO public.stars (id, name, birthYear, headshot) VALUES ('nm0998941', 'Christo Jivkov', 1975, 'https://m.media-amazon.com/images/M/MV5BMWU5YjNmMTUtMDRjYi00MzZmLTk4OGQtZjY3Mzg4NDNkMmU2XkEyXkFqcGdeQXVyMzM4MjM0Nzg@._V1_UX67_CR0,0,67,98_AL_.jpg');
INSERT INTO public.stars (id, name, birthYear, headshot) VALUES ('nm1075604', 'Jesse Harris', NULL, 'https://m.media-amazon.com/images/M/MV5BMTIzNTQ3MTg3NF5BMl5BanBnXkFtZTYwMjQwMjM0._V1_UX67_CR0,0,67,98_AL_.jpg');
INSERT INTO public.stars (id, name, birthYear, headshot) VALUES ('nm1503432', 'Catalina Sandino Moreno', 1981, 'https://m.media-amazon.com/images/M/MV5BMTg5MDI5MTA0M15BMl5BanBnXkFtZTgwODE2NDA1NTE@._V1_UY98_CR9,0,67,98_AL_.jpg');
INSERT INTO public.stars (id, name, birthYear, headshot) VALUES ('nm2227898', 'Daniel Ross Owens', 1983, 'https://m.media-amazon.com/images/M/MV5BNDI4NTM1MTc4NV5BMl5BanBnXkFtZTcwOTY3ODA5Ng@@._V1_UX67_CR0,0,67,98_AL_.jpg');

INSERT INTO public.genres_in_movies (genreId, movieId) VALUES (9, 'tt0335345');
INSERT INTO public.genres_in_movies (genreId, movieId) VALUES (9, 'tt0496319');
INSERT INTO public.genres_in_movies (genreId, movieId) VALUES (18, 'tt0496319');
INSERT INTO public.genres_in_movies (genreId, movieId) VALUES (14, 'tt0496319');
INSERT INTO public.genres_in_movies (genreId, movieId) VALUES (9, 'tt0453489');
INSERT INTO public.genres_in_movies (genreId, movieId) VALUES (9, 'tt0133957');
INSERT INTO public.genres_in_movies (genreId, movieId) VALUES (9, 'tt0248124');

INSERT INTO public.stars_in_movies (starId, movieId) VALUES ('nm0000154', 'tt0335345');
INSERT INTO public.stars_in_movies (starId, movieId) VALUES ('nm0280179', 'tt0335345');
INSERT INTO public.stars_in_movies (starId, movieId) VALUES ('nm0202704', 'tt0335345');
INSERT INTO public.stars_in_movies (starId, movieId) VALUES ('nm0001029', 'tt0335345');
INSERT INTO public.stars_in_movies (starId, movieId) VALUES ('nm0568544', 'tt0335345');
INSERT INTO public.stars_in_movies (starId, movieId) VALUES ('nm0002201', 'tt0335345');
INSERT INTO public.stars_in_movies (starId, movieId) VALUES ('nm0221042', 'tt0335345');
INSERT INTO public.stars_in_movies (starId, movieId) VALUES ('nm0000899', 'tt0335345');
INSERT INTO public.stars_in_movies (starId, movieId) VALUES ('nm0411581', 'tt0335345');
INSERT INTO public.stars_in_movies (starId, movieId) VALUES ('nm0998941', 'tt0335345');
INSERT INTO public.stars_in_movies (starId, movieId) VALUES ('nm0000160', 'tt0496319');
INSERT INTO public.stars_in_movies (starId, movieId) VALUES ('nm1503432', 'tt0496319');
INSERT INTO public.stars_in_movies (starId, movieId) VALUES ('nm2183344', 'tt0496319');
INSERT INTO public.stars_in_movies (starId, movieId) VALUES ('nm0001473', 'tt0496319');
INSERT INTO public.stars_in_movies (starId, movieId) VALUES ('nm1075604', 'tt0496319');
INSERT INTO public.stars_in_movies (starId, movieId) VALUES ('nm0635742', 'tt0496319');
INSERT INTO public.stars_in_movies (starId, movieId) VALUES ('nm0018936', 'tt0496319');
INSERT INTO public.stars_in_movies (starId, movieId) VALUES ('nm2227898', 'tt0496319');
INSERT INTO public.stars_in_movies (starId, movieId) VALUES ('nm0916406', 'tt0496319');
INSERT INTO public.stars_in_movies (starId, movieId) VALUES ('nm0655245', 'tt0496319');
INSERT INTO public.stars_in_movies (starId, movieId) VALUES ('nm0871108', 'tt0453489');
INSERT INTO public.stars_in_movies (starId, movieId) VALUES ('nm0000870', 'tt0453489');
INSERT INTO public.stars_in_movies (starId, movieId) VALUES ('nm0680595', 'tt0453489');
INSERT INTO public.stars_in_movies (starId, movieId) VALUES ('nm0000429', 'tt0453489');
INSERT INTO public.stars_in_movies (starId, movieId) VALUES ('nm0820429', 'tt0453489');
INSERT INTO public.stars_in_movies (starId, movieId) VALUES ('nm3053403', 'tt0133957');
INSERT INTO public.stars_in_movies (starId, movieId) VALUES ('nm2378905', 'tt0133957');
INSERT INTO public.stars_in_movies (starId, movieId) VALUES ('nm1034899', 'tt0133957');
INSERT INTO public.stars_in_movies (starId, movieId) VALUES ('nm0006898', 'tt0133957');
INSERT INTO public.stars_in_movies (starId, movieId) VALUES ('nm0382171', 'tt0133957');
INSERT INTO public.stars_in_movies (starId, movieId) VALUES ('nm0109590', 'tt0133957');
INSERT INTO public.stars_in_movies (starId, movieId) VALUES ('nm0139932', 'tt0133957');
INSERT INTO public.stars_in_movies (starId, movieId) VALUES ('nm0001016', 'tt0133957');
INSERT INTO public.stars_in_movies (starId, movieId) VALUES ('nm0001592', 'tt0248124');
INSERT INTO public.stars_in_movies (starId, movieId) VALUES ('nm0001315', 'tt0248124');
INSERT INTO public.stars_in_movies (starId, movieId) VALUES ('nm0171473', 'tt0248124');
INSERT INTO public.stars_in_movies (starId, movieId) VALUES ('nm0001590', 'tt0248124');
INSERT INTO public.stars_in_movies (starId, movieId) VALUES ('nm0005403', 'tt0248124');
INSERT INTO public.stars_in_movies (starId, movieId) VALUES ('nm0000412', 'tt0248124');
INSERT INTO public.stars_in_movies (starId, movieId) VALUES ('nm0005179', 'tt0248124');
INSERT INTO public.stars_in_movies (starId, movieId) VALUES ('nm0082186', 'tt0248124');
INSERT INTO public.stars_in_movies (starId, movieId) VALUES ('nm0589871', 'tt0248124');